series,n,k,pop,run,gpu_f,gpu_s,cpu_f,cpu_s
n128,1000,3,128,1,208163,0.030,208163,0.954
n128,1000,3,128,2,208203,0.029,208203,0.798
n128,1000,3,128,3,208117,0.028,208117,0.794
n128,2000,3,128,1,848678,0.084,848678,3.923
n128,2000,3,128,2,848640,0.083,848640,3.817
n128,2000,3,128,3,848558,0.084,848558,3.807
n128,4000,3,128,1,3439878,0.287,3439878,17.393
n128,4000,3,128,2,3440016,0.285,3440016,17.499
n128,4000,3,128,3,3440048,0.284,3440048,17.440
n128,6000,3,128,1,7783835,0.654,7783835,40.561
n128,6000,3,128,2,7782975,0.646,7782975,40.631
n128,6000,3,128,3,7784303,0.652,7784303,40.523
n128,8000,3,128,1,13885224,1.133,13885224,74.284
n128,8000,3,128,2,13885632,1.150,13885632,73.927
n128,8000,3,128,3,13884476,1.149,13884476,73.702
n128,12000,3,128,1,31366495,2.774,31366495,172.098
n128,12000,3,128,2,31367471,2.758,31367471,171.552
n128,12000,3,128,3,31367193,2.772,31367193,171.897
n128,16000,3,128,1,55891269,5.139,55891269,313.706
n128,16000,3,128,2,55895019,5.114,55895019,313.086
n128,16000,3,128,3,55894717,5.140,55894717,312.347
n128,24000,3,128,1,126116113,12.181,126116113,730.505
n128,24000,3,128,2,126114263,12.116,126114263,724.967
n128,24000,3,128,3,126113609,12.281,126113609,726.622
n128,32000,3,128,1,224579124,22.833,224579124,1319.466
n128,32000,3,128,2,224576360,22.787,224576360,1317.198
n128,32000,3,128,3,224576552,22.952,224576552,1315.222
n1024,1000,3,1024,1,207994,0.135,207994,6.085
n1024,1000,3,1024,2,208135,0.135,208135,6.064
n1024,1000,3,1024,3,208077,0.135,208077,6.058
n1024,2000,3,1024,1,848343,0.501,848343,29.164
n1024,2000,3,1024,2,848386,0.503,848386,29.077
n1024,2000,3,1024,3,848376,0.502,848376,29.132
n1024,4000,3,1024,1,3439156,2.063,3439156,132.721
n1024,4000,3,1024,2,3439534,2.062,3439534,132.332
n1024,4000,3,1024,3,3439316,2.062,3439316,132.457
n1024,6000,3,1024,1,7783307,4.651,7783307,312.355
n1024,6000,3,1024,2,7783301,4.652,7783301,311.788
n1024,6000,3,1024,3,7783235,4.650,7783235,311.430
n1024,8000,3,1024,1,13885054,8.334,13885054,570.439
n1024,8000,3,1024,2,13884300,8.330,13884300,570.050
n1024,8000,3,1024,3,13884386,8.330,13884386,573.868
n1024,12000,3,1024,1,31365709,19.473,31365709,1337.387
n1024,12000,3,1024,2,31364949,19.453,31364949,1334.285
n1024,12000,3,1024,3,31366669,19.498,31366669,1333.349
pop2000,2000,3,32,1,849004,0.057,849004,0.972
pop2000,2000,3,32,2,849190,0.057,849190,0.976
pop2000,2000,3,32,3,848794,0.057,848794,0.972
pop2000,2000,3,64,1,848628,0.059,848628,1.895
pop2000,2000,3,64,2,848832,0.058,848832,1.865
pop2000,2000,3,64,3,849046,0.059,849046,1.898
pop2000,2000,3,128,1,848678,0.083,848678,3.846
pop2000,2000,3,128,2,848640,0.083,848640,3.729
pop2000,2000,3,128,3,848558,0.084,848558,3.724
pop2000,2000,3,256,1,848196,0.145,848196,7.401
pop2000,2000,3,256,2,848526,0.145,848526,7.367
pop2000,2000,3,256,3,848477,0.144,848477,7.382
pop2000,2000,3,512,1,848410,0.277,848410,14.642
pop2000,2000,3,512,2,848595,0.276,848595,14.551
pop2000,2000,3,512,3,848568,0.278,848568,14.592
pop2000,2000,3,1024,1,848343,0.504,848343,29.129
pop2000,2000,3,1024,2,848386,0.502,848386,29.232
pop2000,2000,3,1024,3,848376,0.504,848376,29.199
pop2000,2000,3,2048,1,848468,0.976,848468,58.076
pop2000,2000,3,2048,2,848180,0.975,848180,57.942
pop2000,2000,3,2048,3,848234,0.977,848234,57.978
pop2000,2000,3,4096,1,848310,1.921,848310,116.262
pop2000,2000,3,4096,2,848325,1.927,848325,116.047
pop2000,2000,3,4096,3,848294,1.924,848294,116.039
pop6000,6000,3,32,1,7784055,0.418,7784055,10.115
pop6000,6000,3,32,2,7783969,0.419,7783969,10.345
pop6000,6000,3,32,3,7783857,0.417,7783857,10.203
pop6000,6000,3,64,1,7784387,0.431,7784387,20.251
pop6000,6000,3,64,2,7783570,0.427,7783570,20.062
pop6000,6000,3,64,3,7784123,0.436,7784123,20.191
pop6000,6000,3,128,1,7783835,0.651,7783835,39.879
pop6000,6000,3,128,2,7782975,0.644,7782975,40.039
pop6000,6000,3,128,3,7784303,0.648,7784303,40.062
pop6000,6000,3,256,1,7783431,1.248,7783431,78.882
pop6000,6000,3,256,2,7783189,1.250,7783189,78.919
pop6000,6000,3,256,3,7783255,1.258,7783255,79.101
pop6000,6000,3,512,1,7783697,2.392,7783697,157.028
pop6000,6000,3,512,2,7783387,2.388,7783387,156.565
pop6000,6000,3,512,3,7782446,2.397,7782446,156.347
pop6000,6000,3,1024,1,7783307,4.656,7783307,312.389
pop6000,6000,3,1024,2,7783301,4.657,7783301,310.868
pop6000,6000,3,1024,3,7783235,4.658,7783235,310.878
pop6000,6000,3,2048,1,7782673,9.109,7782673,622.156
pop6000,6000,3,2048,2,7783029,9.113,7783029,621.721
pop6000,6000,3,2048,3,7783001,9.115,7783001,621.581
k128,2000,2,128,1,968866,0.068,968866,2.374
k128,2000,2,128,2,968916,0.076,968916,2.363
k128,2000,2,128,3,968613,0.069,968613,2.329
k128,2000,3,128,1,848678,0.083,848678,3.720
k128,2000,3,128,2,848640,0.083,848640,3.732
k128,2000,3,128,3,848558,0.084,848558,3.739
k128,2000,4,128,1,790198,0.097,790198,4.453
k128,2000,4,128,2,790258,0.097,790258,4.445
k128,2000,4,128,3,790424,0.096,790424,4.418
k128,2000,6,128,1,734262,0.124,734262,6.537
k128,2000,6,128,2,734311,0.124,734311,6.595
k128,2000,6,128,3,734139,0.122,734139,6.561
k128,2000,8,128,1,707502,0.145,707502,7.850
k128,2000,8,128,2,707597,0.145,707597,7.788
k128,2000,8,128,3,707477,0.144,707477,7.775
k128,2000,12,128,1,682419,0.195,682419,11.086
k128,2000,12,128,2,682300,0.195,682300,11.104
k128,2000,12,128,3,682578,0.197,682578,11.118
k128,2000,16,128,1,670753,0.253,670753,13.785
k128,2000,16,128,2,670823,0.253,670823,13.916
k128,2000,16,128,3,670857,0.252,670857,13.870
k128,2000,24,128,1,660242,0.393,660242,21.277
k128,2000,24,128,2,660241,0.395,660241,21.359
k128,2000,24,128,3,660240,0.392,660240,21.474
k128,2000,32,128,1,655753,0.541,655753,26.754
k128,2000,32,128,2,655650,0.548,655650,26.699
k128,2000,32,128,3,655724,0.546,655724,26.672
k1024,2000,2,1024,1,968720,0.388,968720,18.317
k1024,2000,2,1024,2,968657,0.387,968657,18.392
k1024,2000,2,1024,3,968704,0.388,968704,18.285
k1024,2000,3,1024,1,848343,0.501,848343,29.210
k1024,2000,3,1024,2,848386,0.501,848386,29.366
k1024,2000,3,1024,3,848376,0.503,848376,29.125
k1024,2000,4,1024,1,790160,0.644,790160,34.762
k1024,2000,4,1024,2,790312,0.645,790312,34.695
k1024,2000,4,1024,3,790174,0.641,790174,34.572
k1024,2000,8,1024,1,707499,1.076,707499,61.282
k1024,2000,8,1024,2,707416,1.080,707416,60.981
k1024,2000,8,1024,3,707302,1.080,707302,60.732
k1024,2000,16,1024,1,670552,1.959,670552,107.899
k1024,2000,16,1024,2,670665,1.953,670665,107.765
k1024,2000,16,1024,3,670610,1.958,670610,108.477
k1024,2000,32,1024,1,655679,3.794,655679,210.520
k1024,2000,32,1024,2,655590,3.792,655590,212.306
k1024,2000,32,1024,3,655671,3.801,655671,210.168
