set,graph,n,k,pop,gww,seed,f,iters,seconds
random,gnp1000_7,1000,5,128,0,2,184637,40,0.047
random,gnp1000_7,1000,5,128,0,3,184787,30,0.037
random,gnp1000_7,1000,5,128,0,4,184689,46,0.055
random,gnp1000_7,1000,5,128,0,5,184659,42,0.051
random,gnp1000_7,1000,5,128,0,6,184768,19,0.023
random,gnp1000_7,1000,5,128,0,7,184737,37,0.044
random,gnp1000_7,1000,5,128,0,8,184663,43,0.052
random,gnp1000_7,1000,5,128,0,9,184841,25,0.03
random,gnp1000_7,1000,5,128,0.1,2,184532,43,0.05
random,gnp1000_7,1000,5,128,0.1,3,184661,46,0.055
random,gnp1000_7,1000,5,128,0.1,4,184685,39,0.046
random,gnp1000_7,1000,5,128,0.1,5,184672,34,0.042
random,gnp1000_7,1000,5,128,0.1,6,184553,33,0.039
random,gnp1000_7,1000,5,128,0.1,7,184593,74,0.087
random,gnp1000_7,1000,5,128,0.1,8,184566,46,0.057
random,gnp1000_7,1000,5,128,0.1,9,184674,37,0.047
random,gnp1000_7,1000,5,128,0.25,2,184592,45,0.053
random,gnp1000_7,1000,5,128,0.25,3,184723,42,0.049
random,gnp1000_7,1000,5,128,0.25,4,184704,28,0.035
random,gnp1000_7,1000,5,128,0.25,5,184781,30,0.036
random,gnp1000_7,1000,5,128,0.25,6,184594,42,0.051
random,gnp1000_7,1000,5,128,0.25,7,184569,42,0.05
random,gnp1000_7,1000,5,128,0.25,8,184701,19,0.024
random,gnp1000_7,1000,5,128,0.25,9,184585,40,0.05
random,gnp1000_8,1000,5,128,0,2,184887,40,0.049
random,gnp1000_8,1000,5,128,0,3,184707,42,0.05
random,gnp1000_8,1000,5,128,0,4,184973,28,0.034
random,gnp1000_8,1000,5,128,0,5,184954,22,0.027
random,gnp1000_8,1000,5,128,0,6,184771,49,0.057
random,gnp1000_8,1000,5,128,0,7,184887,33,0.039
random,gnp1000_8,1000,5,128,0,8,184815,42,0.051
random,gnp1000_8,1000,5,128,0,9,184903,34,0.041
random,gnp1000_8,1000,5,128,0.1,2,184731,40,0.049
random,gnp1000_8,1000,5,128,0.1,3,184580,73,0.085
random,gnp1000_8,1000,5,128,0.1,4,184751,45,0.055
random,gnp1000_8,1000,5,128,0.1,5,184733,63,0.075
random,gnp1000_8,1000,5,128,0.1,6,184719,67,0.08
random,gnp1000_8,1000,5,128,0.1,7,184706,39,0.048
random,gnp1000_8,1000,5,128,0.1,8,184826,38,0.045
random,gnp1000_8,1000,5,128,0.1,9,184758,64,0.076
random,gnp1000_8,1000,5,128,0.25,2,184756,46,0.056
random,gnp1000_8,1000,5,128,0.25,3,184852,42,0.05
random,gnp1000_8,1000,5,128,0.25,4,184814,46,0.057
random,gnp1000_8,1000,5,128,0.25,5,184822,24,0.03
random,gnp1000_8,1000,5,128,0.25,6,184747,52,0.063
random,gnp1000_8,1000,5,128,0.25,7,184825,40,0.047
random,gnp1000_8,1000,5,128,0.25,8,184657,48,0.058
random,gnp1000_8,1000,5,128,0.25,9,184839,43,0.051
random,gnp2000_7,2000,3,128,0,2,848852,15,0.045
random,gnp2000_7,2000,3,128,0,3,848946,17,0.049
random,gnp2000_7,2000,3,128,0,4,848298,27,0.078
random,gnp2000_7,2000,3,128,0,5,848386,32,0.091
random,gnp2000_7,2000,3,128,0,6,848225,48,0.139
random,gnp2000_7,2000,3,128,0,7,848543,31,0.089
random,gnp2000_7,2000,3,128,0,8,848312,35,0.099
random,gnp2000_7,2000,3,128,0,9,848912,15,0.044
random,gnp2000_7,2000,3,128,0.1,2,848063,38,0.118
random,gnp2000_7,2000,3,128,0.1,3,848303,29,0.091
random,gnp2000_7,2000,3,128,0.1,4,847898,40,0.123
random,gnp2000_7,2000,3,128,0.1,5,848172,33,0.103
random,gnp2000_7,2000,3,128,0.1,6,848418,28,0.088
random,gnp2000_7,2000,3,128,0.1,7,847746,48,0.149
random,gnp2000_7,2000,3,128,0.1,8,847782,53,0.155
random,gnp2000_7,2000,3,128,0.1,9,848390,22,0.064
random,gnp2000_7,2000,3,128,0.25,2,847860,36,0.109
random,gnp2000_7,2000,3,128,0.25,3,848002,38,0.107
random,gnp2000_7,2000,3,128,0.25,4,848146,34,0.1
random,gnp2000_7,2000,3,128,0.25,5,847998,36,0.102
random,gnp2000_7,2000,3,128,0.25,6,848070,35,0.1
random,gnp2000_7,2000,3,128,0.25,7,847918,41,0.117
random,gnp2000_7,2000,3,128,0.25,8,848128,24,0.069
random,gnp2000_7,2000,3,128,0.25,9,848108,32,0.092
random,gnp2000_8,2000,3,128,0,2,848566,17,0.051
random,gnp2000_8,2000,3,128,0,3,848594,14,0.041
random,gnp2000_8,2000,3,128,0,4,848618,18,0.053
random,gnp2000_8,2000,3,128,0,5,848212,32,0.09
random,gnp2000_8,2000,3,128,0,6,848331,34,0.103
random,gnp2000_8,2000,3,128,0,7,848560,19,0.057
random,gnp2000_8,2000,3,128,0,8,848554,22,0.063
random,gnp2000_8,2000,3,128,0,9,848504,23,0.068
random,gnp2000_8,2000,3,128,0.1,2,847503,56,0.159
random,gnp2000_8,2000,3,128,0.1,3,848066,32,0.091
random,gnp2000_8,2000,3,128,0.1,4,848066,34,0.097
random,gnp2000_8,2000,3,128,0.1,5,848172,26,0.076
random,gnp2000_8,2000,3,128,0.1,6,848238,22,0.064
random,gnp2000_8,2000,3,128,0.1,7,848090,29,0.082
random,gnp2000_8,2000,3,128,0.1,8,848208,33,0.094
random,gnp2000_8,2000,3,128,0.1,9,848180,34,0.099
random,gnp2000_8,2000,3,128,0.25,2,848220,30,0.088
random,gnp2000_8,2000,3,128,0.25,3,848088,26,0.073
random,gnp2000_8,2000,3,128,0.25,4,848076,38,0.108
random,gnp2000_8,2000,3,128,0.25,5,847970,34,0.096
random,gnp2000_8,2000,3,128,0.25,6,847951,46,0.128
random,gnp2000_8,2000,3,128,0.25,7,847893,38,0.107
random,gnp2000_8,2000,3,128,0.25,8,848038,25,0.074
random,gnp2000_8,2000,3,128,0.25,9,848536,21,0.061
random,gnp2000_7,2000,8,128,0,2,706967,68,0.328
random,gnp2000_7,2000,8,128,0,3,706865,81,0.385
random,gnp2000_7,2000,8,128,0,4,707209,41,0.203
random,gnp2000_7,2000,8,128,0,5,707022,68,0.327
random,gnp2000_7,2000,8,128,0,6,707502,25,0.129
random,gnp2000_7,2000,8,128,0,7,707224,42,0.207
random,gnp2000_7,2000,8,128,0,8,706998,52,0.251
random,gnp2000_7,2000,8,128,0,9,707182,49,0.239
random,gnp2000_7,2000,8,128,0.1,2,706943,53,0.256
random,gnp2000_7,2000,8,128,0.1,3,706999,43,0.209
random,gnp2000_7,2000,8,128,0.1,4,707058,64,0.303
random,gnp2000_7,2000,8,128,0.1,5,707009,76,0.359
random,gnp2000_7,2000,8,128,0.1,6,707102,61,0.292
random,gnp2000_7,2000,8,128,0.1,7,707118,42,0.205
random,gnp2000_7,2000,8,128,0.1,8,706907,94,0.44
random,gnp2000_7,2000,8,128,0.1,9,707091,50,0.242
random,gnp2000_7,2000,8,128,0.25,2,706855,51,0.244
random,gnp2000_7,2000,8,128,0.25,3,707057,100,0.472
random,gnp2000_7,2000,8,128,0.25,4,707204,66,0.312
random,gnp2000_7,2000,8,128,0.25,5,707220,46,0.222
random,gnp2000_7,2000,8,128,0.25,6,706819,97,0.454
random,gnp2000_7,2000,8,128,0.25,7,706980,52,0.249
random,gnp2000_7,2000,8,128,0.25,8,707008,67,0.319
random,gnp2000_7,2000,8,128,0.25,9,706916,86,0.405
random,gnp2000_8,2000,8,128,0,2,707063,51,0.249
random,gnp2000_8,2000,8,128,0,3,706961,43,0.217
random,gnp2000_8,2000,8,128,0,4,707167,29,0.151
random,gnp2000_8,2000,8,128,0,5,706777,75,0.361
random,gnp2000_8,2000,8,128,0,6,706765,51,0.249
random,gnp2000_8,2000,8,128,0,7,706738,69,0.335
random,gnp2000_8,2000,8,128,0,8,706791,59,0.287
random,gnp2000_8,2000,8,128,0,9,706587,52,0.253
random,gnp2000_8,2000,8,128,0.1,2,706661,71,0.337
random,gnp2000_8,2000,8,128,0.1,3,706682,90,0.424
random,gnp2000_8,2000,8,128,0.1,4,706823,77,0.364
random,gnp2000_8,2000,8,128,0.1,5,706950,54,0.26
random,gnp2000_8,2000,8,128,0.1,6,706855,60,0.286
random,gnp2000_8,2000,8,128,0.1,7,706725,72,0.344
random,gnp2000_8,2000,8,128,0.1,8,706789,73,0.346
random,gnp2000_8,2000,8,128,0.1,9,706617,60,0.286
random,gnp2000_8,2000,8,128,0.25,2,706895,62,0.296
random,gnp2000_8,2000,8,128,0.25,3,706792,56,0.268
random,gnp2000_8,2000,8,128,0.25,4,707027,56,0.268
random,gnp2000_8,2000,8,128,0.25,5,706505,74,0.349
random,gnp2000_8,2000,8,128,0.25,6,706948,71,0.337
random,gnp2000_8,2000,8,128,0.25,7,706752,51,0.245
random,gnp2000_8,2000,8,128,0.25,8,706930,51,0.244
random,gnp2000_8,2000,8,128,0.25,9,706575,92,0.43
random,gnp4000_7,4000,2,128,0,2,3913295,9,0.019
random,gnp4000_7,4000,2,128,0,3,3912654,14,0.029
random,gnp4000_7,4000,2,128,0,4,3913098,8,0.017
random,gnp4000_7,4000,2,128,0,5,3912964,15,0.033
random,gnp4000_7,4000,2,128,0,6,3912619,15,0.031
random,gnp4000_7,4000,2,128,0,7,3912681,16,0.034
random,gnp4000_7,4000,2,128,0,8,3913360,8,0.017
random,gnp4000_7,4000,2,128,0,9,3912716,10,0.022
random,gnp4000_7,4000,2,128,0.1,2,3912548,13,0.03
random,gnp4000_7,4000,2,128,0.1,3,3912866,13,0.028
random,gnp4000_7,4000,2,128,0.1,4,3912053,17,0.036
random,gnp4000_7,4000,2,128,0.1,5,3912769,17,0.036
random,gnp4000_7,4000,2,128,0.1,6,3912831,13,0.029
random,gnp4000_7,4000,2,128,0.1,7,3912148,22,0.047
random,gnp4000_7,4000,2,128,0.1,8,3912629,17,0.036
random,gnp4000_7,4000,2,128,0.1,9,3913096,17,0.037
random,gnp4000_7,4000,2,128,0.25,2,3912766,9,0.02
random,gnp4000_7,4000,2,128,0.25,3,3912735,26,0.055
random,gnp4000_7,4000,2,128,0.25,4,3913098,8,0.017
random,gnp4000_7,4000,2,128,0.25,5,3912899,13,0.027
random,gnp4000_7,4000,2,128,0.25,6,3912399,19,0.041
random,gnp4000_7,4000,2,128,0.25,7,3912461,26,0.056
random,gnp4000_7,4000,2,128,0.25,8,3912591,12,0.026
random,gnp4000_7,4000,2,128,0.25,9,3912724,10,0.023
random,gnp4000_8,4000,2,128,0,2,3913309,9,0.019
random,gnp4000_8,4000,2,128,0,3,3912601,15,0.031
random,gnp4000_8,4000,2,128,0,4,3913073,10,0.021
random,gnp4000_8,4000,2,128,0,5,3912456,13,0.027
random,gnp4000_8,4000,2,128,0,6,3912890,10,0.023
random,gnp4000_8,4000,2,128,0,7,3913147,11,0.023
random,gnp4000_8,4000,2,128,0,8,3912461,13,0.027
random,gnp4000_8,4000,2,128,0,9,3912946,9,0.019
random,gnp4000_8,4000,2,128,0.1,2,3912430,11,0.023
random,gnp4000_8,4000,2,128,0.1,3,3912605,14,0.031
random,gnp4000_8,4000,2,128,0.1,4,3912466,14,0.03
random,gnp4000_8,4000,2,128,0.1,5,3912191,15,0.033
random,gnp4000_8,4000,2,128,0.1,6,3912759,16,0.035
random,gnp4000_8,4000,2,128,0.1,7,3912594,13,0.028
random,gnp4000_8,4000,2,128,0.1,8,3913073,8,0.018
random,gnp4000_8,4000,2,128,0.1,9,3912891,12,0.025
random,gnp4000_8,4000,2,128,0.25,2,3912685,13,0.028
random,gnp4000_8,4000,2,128,0.25,3,3912547,11,0.023
random,gnp4000_8,4000,2,128,0.25,4,3912342,22,0.046
random,gnp4000_8,4000,2,128,0.25,5,3912469,19,0.041
random,gnp4000_8,4000,2,128,0.25,6,3912534,11,0.024
random,gnp4000_8,4000,2,128,0.25,7,3913170,10,0.021
random,gnp4000_8,4000,2,128,0.25,8,3912494,13,0.027
random,gnp4000_8,4000,2,128,0.25,9,3912398,15,0.032
random,gnp6000_7,6000,3,128,0,2,7783101,28,0.654
random,gnp6000_7,6000,3,128,0,3,7783427,23,0.54
random,gnp6000_7,6000,3,128,0,4,7782897,30,0.698
random,gnp6000_7,6000,3,128,0,5,7781633,48,1.097
random,gnp6000_7,6000,3,128,0,6,7782601,34,0.795
random,gnp6000_7,6000,3,128,0,7,7782975,23,0.542
random,gnp6000_7,6000,3,128,0,8,7781521,52,1.197
random,gnp6000_7,6000,3,128,0,9,7782337,45,1.039
random,gnp6000_7,6000,3,128,0.1,2,7781901,30,0.71
random,gnp6000_7,6000,3,128,0.1,3,7780631,40,0.918
random,gnp6000_7,6000,3,128,0.1,4,7781019,50,1.148
random,gnp6000_7,6000,3,128,0.1,5,7781829,36,0.827
random,gnp6000_7,6000,3,128,0.1,6,7781621,33,0.763
random,gnp6000_7,6000,3,128,0.1,7,7781433,31,0.717
random,gnp6000_7,6000,3,128,0.1,8,7781851,34,0.777
random,gnp6000_7,6000,3,128,0.1,9,7781571,35,0.798
random,gnp6000_7,6000,3,128,0.25,2,7780997,44,0.992
random,gnp6000_7,6000,3,128,0.25,3,7780916,50,1.125
random,gnp6000_7,6000,3,128,0.25,4,7779747,54,1.206
random,gnp6000_7,6000,3,128,0.25,5,7781831,33,0.75
random,gnp6000_7,6000,3,128,0.25,6,7780937,46,1.034
random,gnp6000_7,6000,3,128,0.25,7,7782463,23,0.527
random,gnp6000_7,6000,3,128,0.25,8,7781631,26,0.594
random,gnp6000_7,6000,3,128,0.25,9,7781497,41,0.928
random,gnp6000_8,6000,3,128,0,2,7786288,19,0.444
random,gnp6000_8,6000,3,128,0,3,7785716,21,0.49
random,gnp6000_8,6000,3,128,0,4,7784758,33,0.751
random,gnp6000_8,6000,3,128,0,5,7784852,31,0.714
random,gnp6000_8,6000,3,128,0,6,7784364,34,0.777
random,gnp6000_8,6000,3,128,0,7,7784762,34,0.778
random,gnp6000_8,6000,3,128,0,8,7783928,40,0.908
random,gnp6000_8,6000,3,128,0,9,7786234,18,0.419
random,gnp6000_8,6000,3,128,0.1,2,7783580,28,0.64
random,gnp6000_8,6000,3,128,0.1,3,7784982,25,0.571
random,gnp6000_8,6000,3,128,0.1,4,7785140,22,0.507
random,gnp6000_8,6000,3,128,0.1,5,7784852,20,0.463
random,gnp6000_8,6000,3,128,0.1,6,7783229,41,0.922
random,gnp6000_8,6000,3,128,0.1,7,7782377,43,0.969
random,gnp6000_8,6000,3,128,0.1,8,7784250,28,0.639
random,gnp6000_8,6000,3,128,0.1,9,7783470,38,0.86
random,gnp6000_8,6000,3,128,0.25,2,7782836,44,0.993
random,gnp6000_8,6000,3,128,0.25,3,7784574,20,0.459
random,gnp6000_8,6000,3,128,0.25,4,7783956,28,0.637
random,gnp6000_8,6000,3,128,0.25,5,7783886,27,0.615
random,gnp6000_8,6000,3,128,0.25,6,7783644,35,0.794
random,gnp6000_8,6000,3,128,0.25,7,7782648,46,1.027
random,gnp6000_8,6000,3,128,0.25,8,7784236,25,0.571
random,gnp6000_8,6000,3,128,0.25,9,7782616,38,0.855
random,gnp2000_7,2000,3,1024,0,2,848367,25,0.446
random,gnp2000_7,2000,3,1024,0,3,848438,22,0.394
random,gnp2000_7,2000,3,1024,0,4,848192,27,0.481
random,gnp2000_7,2000,3,1024,0,5,848458,26,0.464
random,gnp2000_7,2000,3,1024,0,6,847874,37,0.654
random,gnp2000_7,2000,3,1024,0,7,848192,33,0.586
random,gnp2000_7,2000,3,1024,0,8,848052,29,0.515
random,gnp2000_7,2000,3,1024,0,9,848022,30,0.532
random,gnp2000_7,2000,3,1024,0.1,2,848062,29,0.514
random,gnp2000_7,2000,3,1024,0.1,3,848269,18,0.325
random,gnp2000_7,2000,3,1024,0.1,4,847746,35,0.618
random,gnp2000_7,2000,3,1024,0.1,5,847620,56,0.981
random,gnp2000_7,2000,3,1024,0.1,6,847718,44,0.774
random,gnp2000_7,2000,3,1024,0.1,7,847852,47,0.827
random,gnp2000_7,2000,3,1024,0.1,8,847960,27,0.479
random,gnp2000_7,2000,3,1024,0.1,9,847858,48,0.845
random,gnp2000_7,2000,3,1024,0.25,2,847905,29,0.511
random,gnp2000_7,2000,3,1024,0.25,3,847776,37,0.652
random,gnp2000_7,2000,3,1024,0.25,4,848014,27,0.477
random,gnp2000_7,2000,3,1024,0.25,5,847948,21,0.373
random,gnp2000_7,2000,3,1024,0.25,6,847792,36,0.632
random,gnp2000_7,2000,3,1024,0.25,7,847844,30,0.547
random,gnp2000_7,2000,3,1024,0.25,8,847789,43,0.768
random,gnp2000_7,2000,3,1024,0.25,9,848016,31,0.558
random,gnp2000_8,2000,3,1024,0,2,848512,16,0.288
random,gnp2000_8,2000,3,1024,0,3,848202,29,0.516
random,gnp2000_8,2000,3,1024,0,4,848009,28,0.499
random,gnp2000_8,2000,3,1024,0,5,848188,24,0.429
random,gnp2000_8,2000,3,1024,0,6,848304,22,0.394
random,gnp2000_8,2000,3,1024,0,7,848150,44,0.777
random,gnp2000_8,2000,3,1024,0,8,848352,21,0.377
random,gnp2000_8,2000,3,1024,0,9,848274,31,0.552
random,gnp2000_8,2000,3,1024,0.1,2,847726,38,0.673
random,gnp2000_8,2000,3,1024,0.1,3,847568,41,0.723
random,gnp2000_8,2000,3,1024,0.1,4,847756,40,0.708
random,gnp2000_8,2000,3,1024,0.1,5,847918,25,0.447
random,gnp2000_8,2000,3,1024,0.1,6,847902,33,0.586
random,gnp2000_8,2000,3,1024,0.1,7,847630,35,0.618
random,gnp2000_8,2000,3,1024,0.1,8,847818,35,0.618
random,gnp2000_8,2000,3,1024,0.1,9,848231,16,0.291
random,gnp1000_7,1000,5,128,0.05,2,184577,28,0.035
random,gnp1000_7,1000,5,128,0.05,3,184768,25,0.031
random,gnp1000_7,1000,5,128,0.05,4,184591,41,0.049
random,gnp1000_7,1000,5,128,0.05,5,184654,50,0.06
random,gnp1000_7,1000,5,128,0.05,6,184498,39,0.047
random,gnp1000_7,1000,5,128,0.05,7,184789,29,0.036
random,gnp1000_7,1000,5,128,0.05,8,184647,61,0.073
random,gnp1000_7,1000,5,128,0.05,9,184589,48,0.058
random,gnp1000_8,1000,5,128,0.05,2,184837,30,0.038
random,gnp1000_8,1000,5,128,0.05,3,184715,43,0.052
random,gnp1000_8,1000,5,128,0.05,4,184779,26,0.033
random,gnp1000_8,1000,5,128,0.05,5,184792,42,0.051
random,gnp1000_8,1000,5,128,0.05,6,184783,41,0.049
random,gnp1000_8,1000,5,128,0.05,7,184863,27,0.034
random,gnp1000_8,1000,5,128,0.05,8,184743,43,0.051
random,gnp1000_8,1000,5,128,0.05,9,184811,43,0.052
random,gnp2000_7,2000,8,128,0.05,2,706778,68,0.323
random,gnp2000_7,2000,8,128,0.05,3,706843,47,0.227
random,gnp2000_7,2000,8,128,0.05,4,706754,69,0.329
random,gnp2000_7,2000,8,128,0.05,5,707089,45,0.22
random,gnp2000_7,2000,8,128,0.05,6,706919,84,0.399
random,gnp2000_7,2000,8,128,0.05,7,706951,96,0.453
random,gnp2000_7,2000,8,128,0.05,8,706864,50,0.241
random,gnp2000_7,2000,8,128,0.05,9,706795,95,0.447
random,gnp2000_8,2000,8,128,0.05,2,706637,62,0.297
random,gnp2000_8,2000,8,128,0.05,3,706685,60,0.288
random,gnp2000_8,2000,8,128,0.05,4,706735,91,0.428
random,gnp2000_8,2000,8,128,0.05,5,706678,64,0.308
random,gnp2000_8,2000,8,128,0.05,6,706696,54,0.261
random,gnp2000_8,2000,8,128,0.05,7,707009,42,0.207
random,gnp2000_8,2000,8,128,0.05,8,706612,88,0.414
random,gnp2000_8,2000,8,128,0.05,9,706530,100,0.468
random,gnp2000_8,2000,3,1024,0.25,2,847855,32,0.566
random,gnp2000_8,2000,3,1024,0.25,3,847800,39,0.689
random,gnp2000_8,2000,3,1024,0.25,4,848084,25,0.445
random,gnp2000_8,2000,3,1024,0.25,5,848116,24,0.428
random,gnp2000_8,2000,3,1024,0.25,6,848130,18,0.324
random,gnp2000_8,2000,3,1024,0.25,7,847670,65,1.142
random,gnp2000_8,2000,3,1024,0.25,8,847886,32,0.565
random,gnp2000_8,2000,3,1024,0.25,9,847483,46,0.812
real,cora,2708,7,128,0,2,518583,44,0.262
real,cora,2708,7,128,0,3,518471,44,0.264
real,cora,2708,7,128,0,4,518505,58,0.346
real,cora,2708,7,128,0,5,518465,48,0.287
real,cora,2708,7,128,0.1,2,518430,50,0.299
real,cora,2708,7,128,0.1,3,518366,59,0.353
real,cora,2708,7,128,0.1,4,518402,40,0.241
real,cora,2708,7,128,0.1,5,518411,42,0.253
real,citeseer,3312,6,128,0,2,908842,24,0.183
real,citeseer,3312,6,128,0,3,908766,31,0.233
real,citeseer,3312,6,128,0,4,908748,35,0.263
real,citeseer,3312,6,128,0,5,908746,27,0.204
real,citeseer,3312,6,128,0.1,2,908674,34,0.256
real,citeseer,3312,6,128,0.1,3,908662,42,0.317
real,citeseer,3312,6,128,0.1,4,908618,37,0.279
real,citeseer,3312,6,128,0.1,5,908754,25,0.191
real,amazon_photo,7650,8,128,0,2,3567112,45,3.051
real,amazon_photo,7650,8,128,0,3,3567639,24,1.703
real,amazon_photo,7650,8,128,0,4,3568952,11,0.822
real,amazon_photo,7650,8,128,0,5,3569043,8,0.636
real,amazon_photo,7650,8,128,0.1,2,3567019,59,3.978
real,amazon_photo,7650,8,128,0.1,3,3567126,56,3.806
real,amazon_photo,7650,8,128,0.1,4,3567899,43,2.934
real,amazon_photo,7650,8,128,0.1,5,3567531,30,2.088
