n,k,graph_seed,pop,run,budget_s,record
1000,3,7,1024,1,0.25,207891
1000,3,7,1024,1,0.5,207869
1000,3,7,1024,1,1,207841
1000,3,7,1024,1,2,207832
1000,3,7,1024,1,5,207818
1000,3,7,1024,1,10,207818
1000,3,7,1024,2,0.25,207930
1000,3,7,1024,2,0.5,207865
1000,3,7,1024,2,1,207825
1000,3,7,1024,2,2,207783
1000,3,7,1024,2,5,207783
1000,3,7,1024,2,10,207783
1000,3,7,1024,3,0.25,207971
1000,3,7,1024,3,0.5,207895
1000,3,7,1024,3,1,207831
1000,3,7,1024,3,2,207827
1000,3,7,1024,3,5,207817
1000,3,7,1024,3,10,207805
1000,3,7,128,1,0.25,208041
1000,3,7,128,1,0.5,207933
1000,3,7,128,1,1,207827
1000,3,7,128,1,2,207827
1000,3,7,128,1,5,207827
1000,3,7,128,1,10,207827
1000,3,7,128,2,0.25,207941
1000,3,7,128,2,0.5,207941
1000,3,7,128,2,1,207889
1000,3,7,128,2,2,207825
1000,3,7,128,2,5,207825
1000,3,7,128,2,10,207825
1000,3,7,128,3,0.25,207951
1000,3,7,128,3,0.5,207858
1000,3,7,128,3,1,207858
1000,3,7,128,3,2,207837
1000,3,7,128,3,5,207837
1000,3,7,128,3,10,207809
1000,3,7,2048,1,0.25,208041
1000,3,7,2048,1,0.5,207905
1000,3,7,2048,1,1,207838
1000,3,7,2048,1,2,207799
1000,3,7,2048,1,5,207799
1000,3,7,2048,1,10,207799
1000,3,7,2048,2,0.25,208035
1000,3,7,2048,2,0.5,207881
1000,3,7,2048,2,1,207881
1000,3,7,2048,2,2,207857
1000,3,7,2048,2,5,207813
1000,3,7,2048,2,10,207800
1000,3,7,2048,3,0.25,208057
1000,3,7,2048,3,0.5,207913
1000,3,7,2048,3,1,207879
1000,3,7,2048,3,2,207827
1000,3,7,2048,3,5,207789
1000,3,7,2048,3,10,207789
1000,3,7,256,1,0.25,207933
1000,3,7,256,1,0.5,207933
1000,3,7,256,1,1,207897
1000,3,7,256,1,2,207847
1000,3,7,256,1,5,207845
1000,3,7,256,1,10,207819
1000,3,7,256,2,0.25,207917
1000,3,7,256,2,0.5,207917
1000,3,7,256,2,1,207847
1000,3,7,256,2,2,207841
1000,3,7,256,2,5,207811
1000,3,7,256,2,10,207804
1000,3,7,256,3,0.25,207893
1000,3,7,256,3,0.5,207863
1000,3,7,256,3,1,207819
1000,3,7,256,3,2,207819
1000,3,7,256,3,5,207801
1000,3,7,256,3,10,207787
1000,3,7,4096,1,0.25,208137
1000,3,7,4096,1,0.5,208029
1000,3,7,4096,1,1,207929
1000,3,7,4096,1,2,207893
1000,3,7,4096,1,5,207817
1000,3,7,4096,1,10,207787
1000,3,7,4096,2,0.25,208115
1000,3,7,4096,2,0.5,208021
1000,3,7,4096,2,1,207855
1000,3,7,4096,2,2,207831
1000,3,7,4096,2,5,207813
1000,3,7,4096,2,10,207805
1000,3,7,4096,3,0.25,208166
1000,3,7,4096,3,0.5,208052
1000,3,7,4096,3,1,207977
1000,3,7,4096,3,2,207875
1000,3,7,4096,3,5,207787
1000,3,7,4096,3,10,207787
1000,3,7,512,1,0.25,207911
1000,3,7,512,1,0.5,207859
1000,3,7,512,1,1,207847
1000,3,7,512,1,2,207824
1000,3,7,512,1,5,207824
1000,3,7,512,1,10,207781
1000,3,7,512,2,0.25,207907
1000,3,7,512,2,0.5,207907
1000,3,7,512,2,1,207833
1000,3,7,512,2,2,207800
1000,3,7,512,2,5,207800
1000,3,7,512,2,10,207794
1000,3,7,512,3,0.25,207983
1000,3,7,512,3,0.5,207911
1000,3,7,512,3,1,207888
1000,3,7,512,3,2,207857
1000,3,7,512,3,5,207823
1000,3,7,512,3,10,207809
1000,3,7,64,1,0.25,207975
1000,3,7,64,1,0.5,207927
1000,3,7,64,1,1,207911
1000,3,7,64,1,2,207842
1000,3,7,64,1,5,207823
1000,3,7,64,1,10,207823
1000,3,7,64,2,0.25,207884
1000,3,7,64,2,0.5,207845
1000,3,7,64,2,1,207845
1000,3,7,64,2,2,207845
1000,3,7,64,2,5,207845
1000,3,7,64,2,10,207845
1000,3,7,64,3,0.25,207985
1000,3,7,64,3,0.5,207985
1000,3,7,64,3,1,207936
1000,3,7,64,3,2,207867
1000,3,7,64,3,5,207845
1000,3,7,64,3,10,207843
1000,3,8,1024,1,0.25,207881
1000,3,8,1024,1,0.5,207845
1000,3,8,1024,1,1,207771
1000,3,8,1024,1,2,207771
1000,3,8,1024,1,5,207771
1000,3,8,1024,1,10,207761
1000,3,8,1024,2,0.25,207881
1000,3,8,1024,2,0.5,207825
1000,3,8,1024,2,1,207807
1000,3,8,1024,2,2,207799
1000,3,8,1024,2,5,207764
1000,3,8,1024,2,10,207763
1000,3,8,1024,3,0.25,207859
1000,3,8,1024,3,0.5,207801
1000,3,8,1024,3,1,207777
1000,3,8,1024,3,2,207777
1000,3,8,1024,3,5,207777
1000,3,8,1024,3,10,207745
1000,3,8,128,1,0.25,207889
1000,3,8,128,1,0.5,207811
1000,3,8,128,1,1,207811
1000,3,8,128,1,2,207808
1000,3,8,128,1,5,207789
1000,3,8,128,1,10,207781
1000,3,8,128,2,0.25,207834
1000,3,8,128,2,0.5,207834
1000,3,8,128,2,1,207831
1000,3,8,128,2,2,207797
1000,3,8,128,2,5,207797
1000,3,8,128,2,10,207762
1000,3,8,128,3,0.25,207821
1000,3,8,128,3,0.5,207821
1000,3,8,128,3,1,207791
1000,3,8,128,3,2,207791
1000,3,8,128,3,5,207787
1000,3,8,128,3,10,207730
1000,3,8,2048,1,0.25,207979
1000,3,8,2048,1,0.5,207860
1000,3,8,2048,1,1,207795
1000,3,8,2048,1,2,207795
1000,3,8,2048,1,5,207771
1000,3,8,2048,1,10,207758
1000,3,8,2048,2,0.25,207921
1000,3,8,2048,2,0.5,207781
1000,3,8,2048,2,1,207781
1000,3,8,2048,2,2,207781
1000,3,8,2048,2,5,207747
1000,3,8,2048,2,10,207747
1000,3,8,2048,3,0.25,207825
1000,3,8,2048,3,0.5,207825
1000,3,8,2048,3,1,207788
1000,3,8,2048,3,2,207760
1000,3,8,2048,3,5,207760
1000,3,8,2048,3,10,207739
1000,3,8,256,1,0.25,207853
1000,3,8,256,1,0.5,207853
1000,3,8,256,1,1,207793
1000,3,8,256,1,2,207782
1000,3,8,256,1,5,207730
1000,3,8,256,1,10,207730
1000,3,8,256,2,0.25,207809
1000,3,8,256,2,0.5,207809
1000,3,8,256,2,1,207809
1000,3,8,256,2,2,207809
1000,3,8,256,2,5,207771
1000,3,8,256,2,10,207763
1000,3,8,256,3,0.25,207819
1000,3,8,256,3,0.5,207819
1000,3,8,256,3,1,207809
1000,3,8,256,3,2,207809
1000,3,8,256,3,5,207745
1000,3,8,256,3,10,207745
1000,3,8,4096,1,0.25,208009
1000,3,8,4096,1,0.5,208003
1000,3,8,4096,1,1,207833
1000,3,8,4096,1,2,207815
1000,3,8,4096,1,5,207779
1000,3,8,4096,1,10,207759
1000,3,8,4096,2,0.25,208141
1000,3,8,4096,2,0.5,207904
1000,3,8,4096,2,1,207843
1000,3,8,4096,2,2,207806
1000,3,8,4096,2,5,207739
1000,3,8,4096,2,10,207739
1000,3,8,4096,3,0.25,207990
1000,3,8,4096,3,0.5,207919
1000,3,8,4096,3,1,207845
1000,3,8,4096,3,2,207774
1000,3,8,4096,3,5,207774
1000,3,8,4096,3,10,207763
1000,3,8,512,1,0.25,207819
1000,3,8,512,1,0.5,207817
1000,3,8,512,1,1,207785
1000,3,8,512,1,2,207785
1000,3,8,512,1,5,207775
1000,3,8,512,1,10,207775
1000,3,8,512,2,0.25,207851
1000,3,8,512,2,0.5,207823
1000,3,8,512,2,1,207759
1000,3,8,512,2,2,207759
1000,3,8,512,2,5,207759
1000,3,8,512,2,10,207759
1000,3,8,512,3,0.25,207849
1000,3,8,512,3,0.5,207807
1000,3,8,512,3,1,207796
1000,3,8,512,3,2,207796
1000,3,8,512,3,5,207747
1000,3,8,512,3,10,207747
1000,3,8,64,1,0.25,207871
1000,3,8,64,1,0.5,207851
1000,3,8,64,1,1,207851
1000,3,8,64,1,2,207799
1000,3,8,64,1,5,207777
1000,3,8,64,1,10,207771
1000,3,8,64,2,0.25,207843
1000,3,8,64,2,0.5,207797
1000,3,8,64,2,1,207797
1000,3,8,64,2,2,207797
1000,3,8,64,2,5,207793
1000,3,8,64,2,10,207793
1000,3,8,64,3,0.25,207857
1000,3,8,64,3,0.5,207851
1000,3,8,64,3,1,207817
1000,3,8,64,3,2,207816
1000,3,8,64,3,5,207759
1000,3,8,64,3,10,207759
2000,3,7,1024,1,0.25,848768
2000,3,7,1024,1,0.5,848367
2000,3,7,1024,1,1,848152
2000,3,7,1024,1,2,847908
2000,3,7,1024,1,5,847836
2000,3,7,1024,1,10,847712
2000,3,7,1024,1,20,847676
2000,3,7,1024,1,30,847676
2000,3,7,1024,2,0.25,848799
2000,3,7,1024,2,0.5,848438
2000,3,7,1024,2,1,848098
2000,3,7,1024,2,2,847908
2000,3,7,1024,2,5,847688
2000,3,7,1024,2,10,847688
2000,3,7,1024,2,20,847688
2000,3,7,1024,2,30,847688
2000,3,7,1024,3,0.25,848815
2000,3,7,1024,3,0.5,848414
2000,3,7,1024,3,1,848192
2000,3,7,1024,3,2,848093
2000,3,7,1024,3,5,847836
2000,3,7,1024,3,10,847756
2000,3,7,1024,3,20,847694
2000,3,7,1024,3,30,847678
2000,3,7,128,1,0.25,848274
2000,3,7,128,1,0.5,848161
2000,3,7,128,1,1,847990
2000,3,7,128,1,2,847970
2000,3,7,128,1,5,847848
2000,3,7,128,1,10,847816
2000,3,7,128,1,20,847766
2000,3,7,128,1,30,847766
2000,3,7,128,2,0.25,848292
2000,3,7,128,2,0.5,848138
2000,3,7,128,2,1,848078
2000,3,7,128,2,2,848027
2000,3,7,128,2,5,847910
2000,3,7,128,2,10,847818
2000,3,7,128,2,20,847730
2000,3,7,128,2,30,847634
2000,3,7,128,3,0.25,848018
2000,3,7,128,3,0.5,847869
2000,3,7,128,3,1,847869
2000,3,7,128,3,2,847868
2000,3,7,128,3,5,847809
2000,3,7,128,3,10,847714
2000,3,7,128,3,20,847654
2000,3,7,128,3,30,847654
2000,3,7,2048,1,0.25,849320
2000,3,7,2048,1,0.5,848846
2000,3,7,2048,1,1,848340
2000,3,7,2048,1,2,848042
2000,3,7,2048,1,5,847781
2000,3,7,2048,1,10,847781
2000,3,7,2048,1,20,847548
2000,3,7,2048,1,30,847548
2000,3,7,2048,2,0.25,849242
2000,3,7,2048,2,0.5,848720
2000,3,7,2048,2,1,848492
2000,3,7,2048,2,2,848096
2000,3,7,2048,2,5,847932
2000,3,7,2048,2,10,847585
2000,3,7,2048,2,20,847585
2000,3,7,2048,2,30,847585
2000,3,7,2048,3,0.25,849096
2000,3,7,2048,3,0.5,848722
2000,3,7,2048,3,1,848272
2000,3,7,2048,3,2,848058
2000,3,7,2048,3,5,847816
2000,3,7,2048,3,10,847778
2000,3,7,2048,3,20,847704
2000,3,7,2048,3,30,847610
2000,3,7,256,1,0.25,848158
2000,3,7,256,1,0.5,848016
2000,3,7,256,1,1,848016
2000,3,7,256,1,2,847884
2000,3,7,256,1,5,847852
2000,3,7,256,1,10,847842
2000,3,7,256,1,20,847799
2000,3,7,256,1,30,847766
2000,3,7,256,2,0.25,848444
2000,3,7,256,2,0.5,848088
2000,3,7,256,2,1,848022
2000,3,7,256,2,2,847911
2000,3,7,256,2,5,847830
2000,3,7,256,2,10,847830
2000,3,7,256,2,20,847764
2000,3,7,256,2,30,847716
2000,3,7,256,3,0.25,848384
2000,3,7,256,3,0.5,848208
2000,3,7,256,3,1,848001
2000,3,7,256,3,2,847880
2000,3,7,256,3,5,847790
2000,3,7,256,3,10,847619
2000,3,7,256,3,20,847619
2000,3,7,256,3,30,847619
2000,3,7,4096,1,0.25,849716
2000,3,7,4096,1,0.5,849040
2000,3,7,4096,1,1,848614
2000,3,7,4096,1,2,848262
2000,3,7,4096,1,5,848014
2000,3,7,4096,1,10,847874
2000,3,7,4096,1,20,847667
2000,3,7,4096,1,30,847667
2000,3,7,4096,2,0.25,849856
2000,3,7,4096,2,0.5,849178
2000,3,7,4096,2,1,848722
2000,3,7,4096,2,2,848361
2000,3,7,4096,2,5,847964
2000,3,7,4096,2,10,847870
2000,3,7,4096,2,20,847698
2000,3,7,4096,2,30,847698
2000,3,7,4096,3,0.25,849706
2000,3,7,4096,3,0.5,849208
2000,3,7,4096,3,1,848691
2000,3,7,4096,3,2,848340
2000,3,7,4096,3,5,848088
2000,3,7,4096,3,10,847810
2000,3,7,4096,3,20,847688
2000,3,7,4096,3,30,847592
2000,3,7,512,1,0.25,848514
2000,3,7,512,1,0.5,848266
2000,3,7,512,1,1,847886
2000,3,7,512,1,2,847867
2000,3,7,512,1,5,847716
2000,3,7,512,1,10,847716
2000,3,7,512,1,20,847716
2000,3,7,512,1,30,847716
2000,3,7,512,2,0.25,848416
2000,3,7,512,2,0.5,848248
2000,3,7,512,2,1,847998
2000,3,7,512,2,2,847803
2000,3,7,512,2,5,847687
2000,3,7,512,2,10,847548
2000,3,7,512,2,20,847548
2000,3,7,512,2,30,847548
2000,3,7,512,3,0.25,848608
2000,3,7,512,3,0.5,848220
2000,3,7,512,3,1,847988
2000,3,7,512,3,2,847864
2000,3,7,512,3,5,847864
2000,3,7,512,3,10,847745
2000,3,7,512,3,20,847728
2000,3,7,512,3,30,847716
2000,3,7,64,1,0.25,848200
2000,3,7,64,1,0.5,848200
2000,3,7,64,1,1,847894
2000,3,7,64,1,2,847894
2000,3,7,64,1,5,847880
2000,3,7,64,1,10,847818
2000,3,7,64,1,20,847804
2000,3,7,64,1,30,847779
2000,3,7,64,2,0.25,848350
2000,3,7,64,2,0.5,848322
2000,3,7,64,2,1,848018
2000,3,7,64,2,2,847836
2000,3,7,64,2,5,847836
2000,3,7,64,2,10,847671
2000,3,7,64,2,20,847671
2000,3,7,64,2,30,847671
2000,3,7,64,3,0.25,848248
2000,3,7,64,3,0.5,847944
2000,3,7,64,3,1,847944
2000,3,7,64,3,2,847944
2000,3,7,64,3,5,847876
2000,3,7,64,3,10,847860
2000,3,7,64,3,20,847860
2000,3,7,64,3,30,847737
2000,3,8,1024,1,0.25,848588
2000,3,8,1024,1,0.5,848464
2000,3,8,1024,1,1,848202
2000,3,8,1024,1,2,847820
2000,3,8,1024,1,5,847682
2000,3,8,1024,1,10,847660
2000,3,8,1024,1,20,847578
2000,3,8,1024,1,30,847578
2000,3,8,1024,2,0.25,848726
2000,3,8,1024,2,0.5,848216
2000,3,8,1024,2,1,848188
2000,3,8,1024,2,2,847916
2000,3,8,1024,2,5,847622
2000,3,8,1024,2,10,847516
2000,3,8,1024,2,20,847516
2000,3,8,1024,2,30,847516
2000,3,8,1024,3,0.25,848710
2000,3,8,1024,3,0.5,848038
2000,3,8,1024,3,1,848009
2000,3,8,1024,3,2,847908
2000,3,8,1024,3,5,847634
2000,3,8,1024,3,10,847604
2000,3,8,1024,3,20,847566
2000,3,8,1024,3,30,847566
2000,3,8,128,1,0.25,848188
2000,3,8,128,1,0.5,848078
2000,3,8,128,1,1,847980
2000,3,8,128,1,2,847870
2000,3,8,128,1,5,847642
2000,3,8,128,1,10,847642
2000,3,8,128,1,20,847544
2000,3,8,128,1,30,847544
2000,3,8,128,2,0.25,848140
2000,3,8,128,2,0.5,847932
2000,3,8,128,2,1,847650
2000,3,8,128,2,2,847650
2000,3,8,128,2,5,847650
2000,3,8,128,2,10,847602
2000,3,8,128,2,20,847602
2000,3,8,128,2,30,847590
2000,3,8,128,3,0.25,847924
2000,3,8,128,3,0.5,847924
2000,3,8,128,3,1,847728
2000,3,8,128,3,2,847728
2000,3,8,128,3,5,847726
2000,3,8,128,3,10,847694
2000,3,8,128,3,20,847540
2000,3,8,128,3,30,847538
2000,3,8,2048,1,0.25,848940
2000,3,8,2048,1,0.5,848441
2000,3,8,2048,1,1,848274
2000,3,8,2048,1,2,848006
2000,3,8,2048,1,5,847654
2000,3,8,2048,1,10,847612
2000,3,8,2048,1,20,847544
2000,3,8,2048,1,30,847544
2000,3,8,2048,2,0.25,849072
2000,3,8,2048,2,0.5,848705
2000,3,8,2048,2,1,848392
2000,3,8,2048,2,2,848086
2000,3,8,2048,2,5,847638
2000,3,8,2048,2,10,847609
2000,3,8,2048,2,20,847544
2000,3,8,2048,2,30,847492
2000,3,8,2048,3,0.25,849194
2000,3,8,2048,3,0.5,848536
2000,3,8,2048,3,1,848344
2000,3,8,2048,3,2,848022
2000,3,8,2048,3,5,847660
2000,3,8,2048,3,10,847660
2000,3,8,2048,3,20,847620
2000,3,8,2048,3,30,847568
2000,3,8,256,1,0.25,848322
2000,3,8,256,1,0.5,848132
2000,3,8,256,1,1,847916
2000,3,8,256,1,2,847804
2000,3,8,256,1,5,847674
2000,3,8,256,1,10,847580
2000,3,8,256,1,20,847456
2000,3,8,256,1,30,847456
2000,3,8,256,2,0.25,848142
2000,3,8,256,2,0.5,848108
2000,3,8,256,2,1,847928
2000,3,8,256,2,2,847902
2000,3,8,256,2,5,847668
2000,3,8,256,2,10,847668
2000,3,8,256,2,20,847668
2000,3,8,256,2,30,847614
2000,3,8,256,3,0.25,848136
2000,3,8,256,3,0.5,848128
2000,3,8,256,3,1,847914
2000,3,8,256,3,2,847733
2000,3,8,256,3,5,847684
2000,3,8,256,3,10,847646
2000,3,8,256,3,20,847605
2000,3,8,256,3,30,847561
2000,3,8,4096,1,0.25,849500
2000,3,8,4096,1,0.5,849194
2000,3,8,4096,1,1,848608
2000,3,8,4096,1,2,848289
2000,3,8,4096,1,5,847915
2000,3,8,4096,1,10,847808
2000,3,8,4096,1,20,847551
2000,3,8,4096,1,30,847551
2000,3,8,4096,2,0.25,849302
2000,3,8,4096,2,0.5,849020
2000,3,8,4096,2,1,848448
2000,3,8,4096,2,2,848302
2000,3,8,4096,2,5,847829
2000,3,8,4096,2,10,847798
2000,3,8,4096,2,20,847570
2000,3,8,4096,2,30,847570
2000,3,8,4096,3,0.25,849468
2000,3,8,4096,3,0.5,849011
2000,3,8,4096,3,1,848458
2000,3,8,4096,3,2,848149
2000,3,8,4096,3,5,847826
2000,3,8,4096,3,10,847803
2000,3,8,4096,3,20,847648
2000,3,8,4096,3,30,847544
2000,3,8,512,1,0.25,848404
2000,3,8,512,1,0.5,848304
2000,3,8,512,1,1,847962
2000,3,8,512,1,2,847870
2000,3,8,512,1,5,847648
2000,3,8,512,1,10,847648
2000,3,8,512,1,20,847566
2000,3,8,512,1,30,847536
2000,3,8,512,2,0.25,848208
2000,3,8,512,2,0.5,848140
2000,3,8,512,2,1,847888
2000,3,8,512,2,2,847800
2000,3,8,512,2,5,847570
2000,3,8,512,2,10,847548
2000,3,8,512,2,20,847540
2000,3,8,512,2,30,847467
2000,3,8,512,3,0.25,848391
2000,3,8,512,3,0.5,848090
2000,3,8,512,3,1,847958
2000,3,8,512,3,2,847854
2000,3,8,512,3,5,847706
2000,3,8,512,3,10,847706
2000,3,8,512,3,20,847706
2000,3,8,512,3,30,847606
2000,3,8,64,1,0.25,848212
2000,3,8,64,1,0.5,848008
2000,3,8,64,1,1,847794
2000,3,8,64,1,2,847794
2000,3,8,64,1,5,847794
2000,3,8,64,1,10,847794
2000,3,8,64,1,20,847768
2000,3,8,64,1,30,847576
2000,3,8,64,2,0.25,848146
2000,3,8,64,2,0.5,847828
2000,3,8,64,2,1,847734
2000,3,8,64,2,2,847641
2000,3,8,64,2,5,847641
2000,3,8,64,2,10,847641
2000,3,8,64,2,20,847641
2000,3,8,64,2,30,847632
2000,3,8,64,3,0.25,848256
2000,3,8,64,3,0.5,848160
2000,3,8,64,3,1,848100
2000,3,8,64,3,2,848100
2000,3,8,64,3,5,847735
2000,3,8,64,3,10,847735
2000,3,8,64,3,20,847580
2000,3,8,64,3,30,847580
2000,8,7,1024,1,0.25,708619
2000,8,7,1024,1,0.5,707935
2000,8,7,1024,1,1,707261
2000,8,7,1024,1,2,706953
2000,8,7,1024,1,5,706678
2000,8,7,1024,1,10,706591
2000,8,7,1024,1,20,706567
2000,8,7,1024,1,30,706378
2000,8,7,1024,2,0.25,708649
2000,8,7,1024,2,0.5,708114
2000,8,7,1024,2,1,707495
2000,8,7,1024,2,2,707165
2000,8,7,1024,2,5,706595
2000,8,7,1024,2,10,706470
2000,8,7,1024,2,20,706249
2000,8,7,1024,2,30,706203
2000,8,7,1024,3,0.25,708671
2000,8,7,1024,3,0.5,707979
2000,8,7,1024,3,1,707428
2000,8,7,1024,3,2,706960
2000,8,7,1024,3,5,706720
2000,8,7,1024,3,10,706508
2000,8,7,1024,3,20,706332
2000,8,7,1024,3,30,706268
2000,8,7,128,1,0.25,707333
2000,8,7,128,1,0.5,706967
2000,8,7,128,1,1,706833
2000,8,7,128,1,2,706639
2000,8,7,128,1,5,706606
2000,8,7,128,1,10,706590
2000,8,7,128,1,20,706546
2000,8,7,128,1,30,706545
2000,8,7,128,2,0.25,707216
2000,8,7,128,2,0.5,706865
2000,8,7,128,2,1,706713
2000,8,7,128,2,2,706643
2000,8,7,128,2,5,706553
2000,8,7,128,2,10,706511
2000,8,7,128,2,20,706317
2000,8,7,128,2,30,706317
2000,8,7,128,3,0.25,707209
2000,8,7,128,3,0.5,706954
2000,8,7,128,3,1,706683
2000,8,7,128,3,2,706618
2000,8,7,128,3,5,706388
2000,8,7,128,3,10,706384
2000,8,7,128,3,20,706384
2000,8,7,128,3,30,706384
2000,8,7,2048,1,0.25,709244
2000,8,7,2048,1,0.5,708662
2000,8,7,2048,1,1,708013
2000,8,7,2048,1,2,707412
2000,8,7,2048,1,5,706827
2000,8,7,2048,1,10,706560
2000,8,7,2048,1,20,706455
2000,8,7,2048,1,30,706429
2000,8,7,2048,2,0.25,709379
2000,8,7,2048,2,0.5,708677
2000,8,7,2048,2,1,707927
2000,8,7,2048,2,2,707365
2000,8,7,2048,2,5,706867
2000,8,7,2048,2,10,706705
2000,8,7,2048,2,20,706532
2000,8,7,2048,2,30,706493
2000,8,7,2048,3,0.25,709422
2000,8,7,2048,3,0.5,708545
2000,8,7,2048,3,1,708016
2000,8,7,2048,3,2,707391
2000,8,7,2048,3,5,706913
2000,8,7,2048,3,10,706689
2000,8,7,2048,3,20,706571
2000,8,7,2048,3,30,706562
2000,8,7,256,1,0.25,707474
2000,8,7,256,1,0.5,706943
2000,8,7,256,1,1,706699
2000,8,7,256,1,2,706481
2000,8,7,256,1,5,706410
2000,8,7,256,1,10,706351
2000,8,7,256,1,20,706350
2000,8,7,256,1,30,706346
2000,8,7,256,2,0.25,707333
2000,8,7,256,2,0.5,707009
2000,8,7,256,2,1,706734
2000,8,7,256,2,2,706634
2000,8,7,256,2,5,706503
2000,8,7,256,2,10,706468
2000,8,7,256,2,20,706432
2000,8,7,256,2,30,706432
2000,8,7,256,3,0.25,707586
2000,8,7,256,3,0.5,707282
2000,8,7,256,3,1,706887
2000,8,7,256,3,2,706639
2000,8,7,256,3,5,706573
2000,8,7,256,3,10,706527
2000,8,7,256,3,20,706510
2000,8,7,256,3,30,706510
2000,8,7,4096,1,0.25,
2000,8,7,4096,1,0.5,709244
2000,8,7,4096,1,1,708471
2000,8,7,4096,1,2,707882
2000,8,7,4096,1,5,707273
2000,8,7,4096,1,10,706792
2000,8,7,4096,1,20,706455
2000,8,7,4096,1,30,706441
2000,8,7,4096,2,0.25,
2000,8,7,4096,2,0.5,709421
2000,8,7,4096,2,1,708652
2000,8,7,4096,2,2,707935
2000,8,7,4096,2,5,707279
2000,8,7,4096,2,10,706919
2000,8,7,4096,2,20,706565
2000,8,7,4096,2,30,706537
2000,8,7,4096,3,0.25,
2000,8,7,4096,3,0.5,709275
2000,8,7,4096,3,1,708601
2000,8,7,4096,3,2,707971
2000,8,7,4096,3,5,707305
2000,8,7,4096,3,10,706967
2000,8,7,4096,3,20,706652
2000,8,7,4096,3,30,706585
2000,8,7,512,1,0.25,707847
2000,8,7,512,1,0.5,707570
2000,8,7,512,1,1,707131
2000,8,7,512,1,2,706834
2000,8,7,512,1,5,706709
2000,8,7,512,1,10,706709
2000,8,7,512,1,20,706709
2000,8,7,512,1,30,706709
2000,8,7,512,2,0.25,707988
2000,8,7,512,2,0.5,707430
2000,8,7,512,2,1,707036
2000,8,7,512,2,2,706689
2000,8,7,512,2,5,706492
2000,8,7,512,2,10,706363
2000,8,7,512,2,20,706350
2000,8,7,512,2,30,706350
2000,8,7,512,3,0.25,708028
2000,8,7,512,3,0.5,707469
2000,8,7,512,3,1,707180
2000,8,7,512,3,2,706945
2000,8,7,512,3,5,706627
2000,8,7,512,3,10,706479
2000,8,7,512,3,20,706444
2000,8,7,512,3,30,706423
2000,8,7,64,1,0.25,707131
2000,8,7,64,1,0.5,706983
2000,8,7,64,1,1,706959
2000,8,7,64,1,2,706806
2000,8,7,64,1,5,706799
2000,8,7,64,1,10,706616
2000,8,7,64,1,20,706308
2000,8,7,64,1,30,706203
2000,8,7,64,2,0.25,706949
2000,8,7,64,2,0.5,706878
2000,8,7,64,2,1,706608
2000,8,7,64,2,2,706607
2000,8,7,64,2,5,706597
2000,8,7,64,2,10,706558
2000,8,7,64,2,20,706360
2000,8,7,64,2,30,706360
2000,8,7,64,3,0.25,707195
2000,8,7,64,3,0.5,707025
2000,8,7,64,3,1,706675
2000,8,7,64,3,2,706536
2000,8,7,64,3,5,706473
2000,8,7,64,3,10,706446
2000,8,7,64,3,20,706439
2000,8,7,64,3,30,706439
2000,8,8,1024,1,0.25,708471
2000,8,8,1024,1,0.5,707661
2000,8,8,1024,1,1,707239
2000,8,8,1024,1,2,706824
2000,8,8,1024,1,5,706417
2000,8,8,1024,1,10,706265
2000,8,8,1024,1,20,706213
2000,8,8,1024,1,30,706213
2000,8,8,1024,2,0.25,708543
2000,8,8,1024,2,0.5,707833
2000,8,8,1024,2,1,707125
2000,8,8,1024,2,2,706791
2000,8,8,1024,2,5,706401
2000,8,8,1024,2,10,706275
2000,8,8,1024,2,20,706213
2000,8,8,1024,2,30,706213
2000,8,8,1024,3,0.25,708364
2000,8,8,1024,3,0.5,707761
2000,8,8,1024,3,1,707265
2000,8,8,1024,3,2,706839
2000,8,8,1024,3,5,706521
2000,8,8,1024,3,10,706476
2000,8,8,1024,3,20,706240
2000,8,8,1024,3,30,706181
2000,8,8,128,1,0.25,707147
2000,8,8,128,1,0.5,706849
2000,8,8,128,1,1,706637
2000,8,8,128,1,2,706477
2000,8,8,128,1,5,706408
2000,8,8,128,1,10,706392
2000,8,8,128,1,20,706286
2000,8,8,128,1,30,706249
2000,8,8,128,2,0.25,706961
2000,8,8,128,2,0.5,706652
2000,8,8,128,2,1,706458
2000,8,8,128,2,2,706329
2000,8,8,128,2,5,706236
2000,8,8,128,2,10,706236
2000,8,8,128,2,20,706208
2000,8,8,128,2,30,706208
2000,8,8,128,3,0.25,707117
2000,8,8,128,3,0.5,706773
2000,8,8,128,3,1,706556
2000,8,8,128,3,2,706378
2000,8,8,128,3,5,706342
2000,8,8,128,3,10,706335
2000,8,8,128,3,20,706253
2000,8,8,128,3,30,706253
2000,8,8,2048,1,0.25,709037
2000,8,8,2048,1,0.5,708310
2000,8,8,2048,1,1,707729
2000,8,8,2048,1,2,707209
2000,8,8,2048,1,5,706644
2000,8,8,2048,1,10,706418
2000,8,8,2048,1,20,706298
2000,8,8,2048,1,30,706213
2000,8,8,2048,2,0.25,709036
2000,8,8,2048,2,0.5,708435
2000,8,8,2048,2,1,707807
2000,8,8,2048,2,2,707226
2000,8,8,2048,2,5,706760
2000,8,8,2048,2,10,706497
2000,8,8,2048,2,20,706411
2000,8,8,2048,2,30,706288
2000,8,8,2048,3,0.25,709136
2000,8,8,2048,3,0.5,708359
2000,8,8,2048,3,1,707789
2000,8,8,2048,3,2,707235
2000,8,8,2048,3,5,706725
2000,8,8,2048,3,10,706475
2000,8,8,2048,3,20,706339
2000,8,8,2048,3,30,706278
2000,8,8,256,1,0.25,707345
2000,8,8,256,1,0.5,706979
2000,8,8,256,1,1,706709
2000,8,8,256,1,2,706474
2000,8,8,256,1,5,706311
2000,8,8,256,1,10,706239
2000,8,8,256,1,20,706226
2000,8,8,256,1,30,706221
2000,8,8,256,2,0.25,707324
2000,8,8,256,2,0.5,706821
2000,8,8,256,2,1,706707
2000,8,8,256,2,2,706609
2000,8,8,256,2,5,706271
2000,8,8,256,2,10,706198
2000,8,8,256,2,20,706191
2000,8,8,256,2,30,706188
2000,8,8,256,3,0.25,707411
2000,8,8,256,3,0.5,707025
2000,8,8,256,3,1,706592
2000,8,8,256,3,2,706382
2000,8,8,256,3,5,706303
2000,8,8,256,3,10,706241
2000,8,8,256,3,20,706230
2000,8,8,256,3,30,706230
2000,8,8,4096,1,0.25,
2000,8,8,4096,1,0.5,709033
2000,8,8,4096,1,1,708483
2000,8,8,4096,1,2,707729
2000,8,8,4096,1,5,706954
2000,8,8,4096,1,10,706650
2000,8,8,4096,1,20,706329
2000,8,8,4096,1,30,706290
2000,8,8,4096,2,0.25,
2000,8,8,4096,2,0.5,708922
2000,8,8,4096,2,1,708346
2000,8,8,4096,2,2,707655
2000,8,8,4096,2,5,706957
2000,8,8,4096,2,10,706643
2000,8,8,4096,2,20,706316
2000,8,8,4096,2,30,706219
2000,8,8,4096,3,0.25,
2000,8,8,4096,3,0.5,708952
2000,8,8,4096,3,1,708445
2000,8,8,4096,3,2,707700
2000,8,8,4096,3,5,706908
2000,8,8,4096,3,10,706470
2000,8,8,4096,3,20,706314
2000,8,8,4096,3,30,706200
2000,8,8,512,1,0.25,707630
2000,8,8,512,1,0.5,707091
2000,8,8,512,1,1,706773
2000,8,8,512,1,2,706611
2000,8,8,512,1,5,706383
2000,8,8,512,1,10,706327
2000,8,8,512,1,20,706289
2000,8,8,512,1,30,706270
2000,8,8,512,2,0.25,707706
2000,8,8,512,2,0.5,707293
2000,8,8,512,2,1,706955
2000,8,8,512,2,2,706604
2000,8,8,512,2,5,706340
2000,8,8,512,2,10,706258
2000,8,8,512,2,20,706207
2000,8,8,512,2,30,706207
2000,8,8,512,3,0.25,707793
2000,8,8,512,3,0.5,707349
2000,8,8,512,3,1,706828
2000,8,8,512,3,2,706555
2000,8,8,512,3,5,706307
2000,8,8,512,3,10,706265
2000,8,8,512,3,20,706205
2000,8,8,512,3,30,706203
2000,8,8,64,1,0.25,706875
2000,8,8,64,1,0.5,706694
2000,8,8,64,1,1,706493
2000,8,8,64,1,2,706378
2000,8,8,64,1,5,706378
2000,8,8,64,1,10,706351
2000,8,8,64,1,20,706255
2000,8,8,64,1,30,706255
2000,8,8,64,2,0.25,707006
2000,8,8,64,2,0.5,706710
2000,8,8,64,2,1,706535
2000,8,8,64,2,2,706450
2000,8,8,64,2,5,706308
2000,8,8,64,2,10,705979
2000,8,8,64,2,20,705922
2000,8,8,64,2,30,705922
2000,8,8,64,3,0.25,707106
2000,8,8,64,3,0.5,706803
2000,8,8,64,3,1,706618
2000,8,8,64,3,2,706525
2000,8,8,64,3,5,706307
2000,8,8,64,3,10,706224
2000,8,8,64,3,20,706220
2000,8,8,64,3,30,706206
6000,3,7,1024,1,0.25,
6000,3,7,1024,1,0.5,7791455
6000,3,7,1024,1,1,7787869
6000,3,7,1024,1,2,7785667
6000,3,7,1024,1,5,7782977
6000,3,7,1024,1,10,7781665
6000,3,7,1024,1,20,7780391
6000,3,7,1024,1,30,7779585
6000,3,7,1024,1,60,7778856
6000,3,7,1024,2,0.25,
6000,3,7,1024,2,0.5,7791115
6000,3,7,1024,2,1,7787619
6000,3,7,1024,2,2,7785447
6000,3,7,1024,2,5,7783091
6000,3,7,1024,2,10,7781937
6000,3,7,1024,2,20,7780611
6000,3,7,1024,2,30,7780207
6000,3,7,1024,2,60,7778785
6000,3,7,1024,3,0.25,
6000,3,7,1024,3,0.5,7791789
6000,3,7,1024,3,1,7787877
6000,3,7,1024,3,2,7785255
6000,3,7,1024,3,5,7783113
6000,3,7,1024,3,10,7781313
6000,3,7,1024,3,20,7780629
6000,3,7,1024,3,30,7779957
6000,3,7,1024,3,60,7779425
6000,3,7,128,1,0.25,7786145
6000,3,7,128,1,0.5,7783917
6000,3,7,128,1,1,7782845
6000,3,7,128,1,2,7782231
6000,3,7,128,1,5,7779835
6000,3,7,128,1,10,7779835
6000,3,7,128,1,20,7779241
6000,3,7,128,1,30,7778897
6000,3,7,128,1,60,7778659
6000,3,7,128,2,0.25,7786629
6000,3,7,128,2,0.5,7784203
6000,3,7,128,2,1,7783238
6000,3,7,128,2,2,7781755
6000,3,7,128,2,5,7780161
6000,3,7,128,2,10,7779881
6000,3,7,128,2,20,7779615
6000,3,7,128,2,30,7779447
6000,3,7,128,2,60,7778787
6000,3,7,128,3,0.25,7786169
6000,3,7,128,3,0.5,7784407
6000,3,7,128,3,1,7782897
6000,3,7,128,3,2,7781277
6000,3,7,128,3,5,7780353
6000,3,7,128,3,10,7779533
6000,3,7,128,3,20,7779363
6000,3,7,128,3,30,7779363
6000,3,7,128,3,60,7779289
6000,3,7,2048,1,0.25,
6000,3,7,2048,1,0.5,
6000,3,7,2048,1,1,7790649
6000,3,7,2048,1,2,7787029
6000,3,7,2048,1,5,7784529
6000,3,7,2048,1,10,7782405
6000,3,7,2048,1,20,7781271
6000,3,7,2048,1,30,7780875
6000,3,7,2048,1,60,7779425
6000,3,7,2048,2,0.25,
6000,3,7,2048,2,0.5,
6000,3,7,2048,2,1,7790711
6000,3,7,2048,2,2,7787057
6000,3,7,2048,2,5,7784883
6000,3,7,2048,2,10,7782531
6000,3,7,2048,2,20,7780466
6000,3,7,2048,2,30,7780319
6000,3,7,2048,2,60,7779459
6000,3,7,2048,3,0.25,
6000,3,7,2048,3,0.5,
6000,3,7,2048,3,1,7791307
6000,3,7,2048,3,2,7787511
6000,3,7,2048,3,5,7784585
6000,3,7,2048,3,10,7783017
6000,3,7,2048,3,20,7781421
6000,3,7,2048,3,30,7780613
6000,3,7,2048,3,60,7778931
6000,3,7,256,1,0.25,7788243
6000,3,7,256,1,0.5,7785961
6000,3,7,256,1,1,7784241
6000,3,7,256,1,2,7782773
6000,3,7,256,1,5,7780555
6000,3,7,256,1,10,7779501
6000,3,7,256,1,20,7779501
6000,3,7,256,1,30,7779215
6000,3,7,256,1,60,7778915
6000,3,7,256,2,0.25,7788815
6000,3,7,256,2,0.5,7786389
6000,3,7,256,2,1,7783893
6000,3,7,256,2,2,7782040
6000,3,7,256,2,5,7780279
6000,3,7,256,2,10,7780215
6000,3,7,256,2,20,7778839
6000,3,7,256,2,30,7778839
6000,3,7,256,2,60,7778651
6000,3,7,256,3,0.25,7788747
6000,3,7,256,3,0.5,7786475
6000,3,7,256,3,1,7784455
6000,3,7,256,3,2,7782349
6000,3,7,256,3,5,7780985
6000,3,7,256,3,10,7779787
6000,3,7,256,3,20,7779259
6000,3,7,256,3,30,7779004
6000,3,7,256,3,60,7778761
6000,3,7,4096,1,0.25,
6000,3,7,4096,1,0.5,
6000,3,7,4096,1,1,
6000,3,7,4096,1,2,7790649
6000,3,7,4096,1,5,7786585
6000,3,7,4096,1,10,7784471
6000,3,7,4096,1,20,7782225
6000,3,7,4096,1,30,7781923
6000,3,7,4096,1,60,7780254
6000,3,7,4096,2,0.25,
6000,3,7,4096,2,0.5,
6000,3,7,4096,2,1,
6000,3,7,4096,2,2,7790711
6000,3,7,4096,2,5,7785749
6000,3,7,4096,2,10,7783811
6000,3,7,4096,2,20,7782464
6000,3,7,4096,2,30,7781515
6000,3,7,4096,2,60,7780641
6000,3,7,4096,3,0.25,
6000,3,7,4096,3,0.5,
6000,3,7,4096,3,1,
6000,3,7,4096,3,2,7791243
6000,3,7,4096,3,5,7786057
6000,3,7,4096,3,10,7784107
6000,3,7,4096,3,20,7782365
6000,3,7,4096,3,30,7781857
6000,3,7,4096,3,60,7780521
6000,3,7,512,1,0.25,7791257
6000,3,7,512,1,0.5,7787993
6000,3,7,512,1,1,7785441
6000,3,7,512,1,2,7783419
6000,3,7,512,1,5,7781515
6000,3,7,512,1,10,7780441
6000,3,7,512,1,20,7780075
6000,3,7,512,1,30,7779865
6000,3,7,512,1,60,7779299
6000,3,7,512,2,0.25,7792409
6000,3,7,512,2,0.5,7788013
6000,3,7,512,2,1,7785752
6000,3,7,512,2,2,7783854
6000,3,7,512,2,5,7781577
6000,3,7,512,2,10,7780747
6000,3,7,512,2,20,7780043
6000,3,7,512,2,30,7780018
6000,3,7,512,2,60,7779693
6000,3,7,512,3,0.25,7791789
6000,3,7,512,3,0.5,7788155
6000,3,7,512,3,1,7785843
6000,3,7,512,3,2,7783633
6000,3,7,512,3,5,7782250
6000,3,7,512,3,10,7780779
6000,3,7,512,3,20,7779201
6000,3,7,512,3,30,7779201
6000,3,7,512,3,60,7778953
6000,3,7,64,1,0.25,7785769
6000,3,7,64,1,0.5,7783737
6000,3,7,64,1,1,7782225
6000,3,7,64,1,2,7781107
6000,3,7,64,1,5,7779717
6000,3,7,64,1,10,7779717
6000,3,7,64,1,20,7779709
6000,3,7,64,1,30,7779309
6000,3,7,64,1,60,7779211
6000,3,7,64,2,0.25,7785497
6000,3,7,64,2,0.5,7783149
6000,3,7,64,2,1,7781851
6000,3,7,64,2,2,7781597
6000,3,7,64,2,5,7780705
6000,3,7,64,2,10,7780051
6000,3,7,64,2,20,7779329
6000,3,7,64,2,30,7779329
6000,3,7,64,2,60,7779079
6000,3,7,64,3,0.25,7784897
6000,3,7,64,3,0.5,7783785
6000,3,7,64,3,1,7781985
6000,3,7,64,3,2,7780875
6000,3,7,64,3,5,7780277
6000,3,7,64,3,10,7779483
6000,3,7,64,3,20,7779483
6000,3,7,64,3,30,7779483
6000,3,7,64,3,60,7779105
6000,3,8,1024,1,0.25,
6000,3,8,1024,1,0.5,7792854
6000,3,8,1024,1,1,7790076
6000,3,8,1024,1,2,7786944
6000,3,8,1024,1,5,7784584
6000,3,8,1024,1,10,7783148
6000,3,8,1024,1,20,7782038
6000,3,8,1024,1,30,7781902
6000,3,8,1024,1,60,7781154
6000,3,8,1024,2,0.25,
6000,3,8,1024,2,0.5,7793166
6000,3,8,1024,2,1,7790192
6000,3,8,1024,2,2,7787362
6000,3,8,1024,2,5,7784394
6000,3,8,1024,2,10,7783001
6000,3,8,1024,2,20,7782118
6000,3,8,1024,2,30,7781850
6000,3,8,1024,2,60,7781098
6000,3,8,1024,3,0.25,
6000,3,8,1024,3,0.5,7793508
6000,3,8,1024,3,1,7789816
6000,3,8,1024,3,2,7787036
6000,3,8,1024,3,5,7783944
6000,3,8,1024,3,10,7783176
6000,3,8,1024,3,20,7782104
6000,3,8,1024,3,30,7782023
6000,3,8,1024,3,60,7781444
6000,3,8,128,1,0.25,7788334
6000,3,8,128,1,0.5,7786288
6000,3,8,128,1,1,7785060
6000,3,8,128,1,2,7783536
6000,3,8,128,1,5,7781990
6000,3,8,128,1,10,7781752
6000,3,8,128,1,20,7781586
6000,3,8,128,1,30,7781586
6000,3,8,128,1,60,7780800
6000,3,8,128,2,0.25,7787654
6000,3,8,128,2,0.5,7785716
6000,3,8,128,2,1,7784674
6000,3,8,128,2,2,7783922
6000,3,8,128,2,5,7782524
6000,3,8,128,2,10,7781796
6000,3,8,128,2,20,7781180
6000,3,8,128,2,30,7781146
6000,3,8,128,2,60,7780802
6000,3,8,128,3,0.25,7788314
6000,3,8,128,3,0.5,7786636
6000,3,8,128,3,1,7784758
6000,3,8,128,3,2,7783254
6000,3,8,128,3,5,7782502
6000,3,8,128,3,10,7782288
6000,3,8,128,3,20,7781140
6000,3,8,128,3,30,7781140
6000,3,8,128,3,60,7780964
6000,3,8,2048,1,0.25,
6000,3,8,2048,1,0.5,
6000,3,8,2048,1,1,7793624
6000,3,8,2048,1,2,7788860
6000,3,8,2048,1,5,7786578
6000,3,8,2048,1,10,7784418
6000,3,8,2048,1,20,7783036
6000,3,8,2048,1,30,7782613
6000,3,8,2048,1,60,7780950
6000,3,8,2048,2,0.25,
6000,3,8,2048,2,0.5,
6000,3,8,2048,2,1,7793082
6000,3,8,2048,2,2,7788480
6000,3,8,2048,2,5,7786238
6000,3,8,2048,2,10,7783708
6000,3,8,2048,2,20,7782422
6000,3,8,2048,2,30,7781916
6000,3,8,2048,2,60,7781484
6000,3,8,2048,3,0.25,
6000,3,8,2048,3,0.5,
6000,3,8,2048,3,1,7792652
6000,3,8,2048,3,2,7789735
6000,3,8,2048,3,5,7786614
6000,3,8,2048,3,10,7784366
6000,3,8,2048,3,20,7782832
6000,3,8,2048,3,30,7782184
6000,3,8,2048,3,60,7781378
6000,3,8,256,1,0.25,7790782
6000,3,8,256,1,0.5,7787030
6000,3,8,256,1,1,7785446
6000,3,8,256,1,2,7784482
6000,3,8,256,1,5,7782468
6000,3,8,256,1,10,7782237
6000,3,8,256,1,20,7781160
6000,3,8,256,1,30,7781160
6000,3,8,256,1,60,7781160
6000,3,8,256,2,0.25,7790460
6000,3,8,256,2,0.5,7787563
6000,3,8,256,2,1,7786386
6000,3,8,256,2,2,7785098
6000,3,8,256,2,5,7782066
6000,3,8,256,2,10,7781348
6000,3,8,256,2,20,7781348
6000,3,8,256,2,30,7781056
6000,3,8,256,2,60,7781046
6000,3,8,256,3,0.25,7789550
6000,3,8,256,3,0.5,7787424
6000,3,8,256,3,1,7785952
6000,3,8,256,3,2,7784204
6000,3,8,256,3,5,7782584
6000,3,8,256,3,10,7781898
6000,3,8,256,3,20,7780930
6000,3,8,256,3,30,7780930
6000,3,8,256,3,60,7780392
6000,3,8,4096,1,0.25,
6000,3,8,4096,1,0.5,
6000,3,8,4096,1,1,
6000,3,8,4096,1,2,7793590
6000,3,8,4096,1,5,7787200
6000,3,8,4096,1,10,7785815
6000,3,8,4096,1,20,7784310
6000,3,8,4096,1,30,7783148
6000,3,8,4096,1,60,7782354
6000,3,8,4096,2,0.25,
6000,3,8,4096,2,0.5,
6000,3,8,4096,2,1,
6000,3,8,4096,2,2,7793142
6000,3,8,4096,2,5,7788078
6000,3,8,4096,2,10,7786122
6000,3,8,4096,2,20,7784414
6000,3,8,4096,2,30,7783334
6000,3,8,4096,2,60,7781392
6000,3,8,4096,3,0.25,
6000,3,8,4096,3,0.5,
6000,3,8,4096,3,1,
6000,3,8,4096,3,2,7792842
6000,3,8,4096,3,5,7787920
6000,3,8,4096,3,10,7786102
6000,3,8,4096,3,20,7783957
6000,3,8,4096,3,30,7783578
6000,3,8,4096,3,60,7782078
6000,3,8,512,1,0.25,7793590
6000,3,8,512,1,0.5,7790020
6000,3,8,512,1,1,7786994
6000,3,8,512,1,2,7785408
6000,3,8,512,1,5,7783352
6000,3,8,512,1,10,7782104
6000,3,8,512,1,20,7781420
6000,3,8,512,1,30,7781012
6000,3,8,512,1,60,7780648
6000,3,8,512,2,0.25,7793544
6000,3,8,512,2,0.5,7790030
6000,3,8,512,2,1,7787450
6000,3,8,512,2,2,7785793
6000,3,8,512,2,5,7783868
6000,3,8,512,2,10,7782496
6000,3,8,512,2,20,7781736
6000,3,8,512,2,30,7781736
6000,3,8,512,2,60,7780658
6000,3,8,512,3,0.25,7792652
6000,3,8,512,3,0.5,7789732
6000,3,8,512,3,1,7787526
6000,3,8,512,3,2,7785448
6000,3,8,512,3,5,7783934
6000,3,8,512,3,10,7782932
6000,3,8,512,3,20,7781920
6000,3,8,512,3,30,7781432
6000,3,8,512,3,60,7780959
6000,3,8,64,1,0.25,7787090
6000,3,8,64,1,0.5,7784988
6000,3,8,64,1,1,7784222
6000,3,8,64,1,2,7783332
6000,3,8,64,1,5,7782224
6000,3,8,64,1,10,7782208
6000,3,8,64,1,20,7781856
6000,3,8,64,1,30,7781320
6000,3,8,64,1,60,7780982
6000,3,8,64,2,0.25,7787404
6000,3,8,64,2,0.5,7786084
6000,3,8,64,2,1,7783856
6000,3,8,64,2,2,7782582
6000,3,8,64,2,5,7782562
6000,3,8,64,2,10,7782176
6000,3,8,64,2,20,7781452
6000,3,8,64,2,30,7781255
6000,3,8,64,2,60,7781068
6000,3,8,64,3,0.25,7786928
6000,3,8,64,3,0.5,7785196
6000,3,8,64,3,1,7784937
6000,3,8,64,3,2,7782954
6000,3,8,64,3,5,7782038
6000,3,8,64,3,10,7782038
6000,3,8,64,3,20,7780928
6000,3,8,64,3,30,7780928
6000,3,8,64,3,60,7780928
